NAVIN K-DART LONG BLAZER - CHARCOAL GREY,navin-k-dart-long-blazer-charcoal-grey,https://kikokostadinov.com/shop/men/navin-k-dart-long-blazer-charcoal-grey,https://kikokostadinov.com/media/pages/shop/men/navin-k-dart-long-blazer-charcoal-grey/e3164f2aa5-1734541729/djkttbn-350x-q70.webp
CHALICE LACE UP - NERO,chalice-lace-up-nero,https://kikokostadinov.com/shop/men/chalice-lace-up-nero,https://kikokostadinov.com/media/pages/shop/men/chalice-lace-up-nero/63d416f798-1734602575/kkdrpdecntnn-2ebrshs-tmbnsl-350x-q70.webp
NAVIN WIDE TROUSER - CHARCOAL GREY,navin-wide-trouser-charcoal-grey,https://kikokostadinov.com/shop/men/navin-wide-trouser-charcoal-grey,https://kikokostadinov.com/media/pages/shop/men/navin-wide-trouser-charcoal-grey/82c380cc73-1734541434/kkdrpdecntn-22kkdrpctn1-tmbn-350x-q70.webp
TRECARTIN LONG SLEEVE SHIRT TOKYO,trecartin-long-sleeve-shirt-tokyo,https://kikokostadinov.com/shop/men/trecartin-long-sleeve-shirt-tokyo,https://kikokostadinov.com/media/pages/shop/men/trecartin-long-sleeve-shirt-tokyo/0eff77995e-1734541871/kkdrpdecntn-4kkdrpctn1-tmbnls-350x-q70.webp
TRECARTIN HOODIE LOS ANGELES,trecartin-hoodie-los-angeles,https://kikokostadinov.com/shop/men/trecartin-hoodie-los-angeles,https://kikokostadinov.com/media/pages/shop/men/trecartin-hoodie-los-angeles/5a119431d4-1734542065/kkdrpdecntn-34kkdrpctn1-tmbns-350x-q70.webp
AGATHON HOODED PULLOVER - SABLE BLACK,agathon-hooded-pullover-sable-black,https://kikokostadinov.com/shop/men/agathon-hooded-pullover-sable-black,https://kikokostadinov.com/media/pages/shop/men/agathon-hooded-pullover-sable-black/ae4755cd27-1732857457/cpbbl-1cpbbltb-350x-q70.webp
AGATHON HOODED PULLOVER - JET BLACK,agathon-hooded-pullover-jet-black,https://kikokostadinov.com/shop/men/agathon-hooded-pullover-jet-black,https://kikokostadinov.com/media/pages/shop/men/agathon-hooded-pullover-jet-black/7037e11ffd-1732857149/ctbprp-2ctbprptb-350x-q70.webp
BINDRA CARGO SHORTS - CROW BLACK,bindra-cargo-shorts-crow-black,https://kikokostadinov.com/shop/men/bindra-cargo-shorts-crow-black,https://kikokostadinov.com/media/pages/shop/men/bindra-cargo-shorts-crow-black/ac95e00fef-1732858830/blcsht-1blshrttb-350x-q70.webp
BENDIX COAT - CHARCOAL,bendix-coat-charcoal,https://kikokostadinov.com/shop/men/bendix-coat-charcoal,https://kikokostadinov.com/media/pages/shop/men/bendix-coat-charcoal/97e44a6219-1721074857/untitled-5bdxcch-350x-q70.webp
SCARPITTA BOOTS - NERO,scarpitta-boots-nero,https://kikokostadinov.com/shop/men/scarpitta-boots-nero,https://kikokostadinov.com/media/pages/shop/men/scarpitta-boots-nero/12292ed37c-1731584035/fff1-350x-q70.webp
SCARPITTA BOOTS - GRAPE GREEN,scarpitta-boots-grape-green,https://kikokostadinov.com/shop/men/scarpitta-boots-grape-green,https://kikokostadinov.com/media/pages/shop/men/scarpitta-boots-grape-green/4576fd60e4-1731584139/fff2-350x-q70.webp
SCARPITTA BOOTS - IRIS & GREY,scarpitta-boots-iris-grey,https://kikokostadinov.com/shop/men/scarpitta-boots-iris-grey,https://kikokostadinov.com/media/pages/shop/men/scarpitta-boots-iris-grey/ef63310a77-1731584202/fff3-350x-q70.webp
BENDIX COAT - LIGHT TEAL,bendix-coat-light-teal,https://kikokostadinov.com/shop/men/bendix-coat-light-teal,https://kikokostadinov.com/media/pages/shop/men/bendix-coat-light-teal/7e49bd02d4-1721081373/untitled-5bndxctlt-350x-q70.webp
CHALICE JACKET W BAG - MAROON,chalice-jacket-w-bag-maroon,https://kikokostadinov.com/shop/men/chalice-jacket-w-bag-maroon,https://kikokostadinov.com/media/pages/shop/men/chalice-jacket-w-bag-maroon/e14d1f22cd-1726571719/cjm-4cjm-350x-q70.webp
KNOX LACE UP - SILVER BLUE,knox-lace-up-silver-blue,https://kikokostadinov.com/shop/men/knox-lace-up-silver-blue,https://kikokostadinov.com/media/pages/shop/men/knox-lace-up-silver-blue/fe264fc4d6-1721074227/untitled-7knxgr-350x-q70.webp
KNOX LACE UP - NERO,knox-lace-up-nero,https://kikokostadinov.com/shop/men/knox-lace-up-nero,https://kikokostadinov.com/media/pages/shop/men/knox-lace-up-nero/03145b24cc-1721073374/untitled-5knxblk-350x-q70.webp
OHNE BOMBER JACKET - MAROON / BROWN & GREY,ohne-bomber-jacket-maroon-brown-grey,https://kikokostadinov.com/shop/men/ohne-bomber-jacket-maroon-brown-grey,https://kikokostadinov.com/media/pages/shop/men/ohne-bomber-jacket-maroon-brown-grey/56b54d3760-1721120714/untitled-5ohbjmr-350x-q70.webp
OHNE BOMBER JACKET - MIDNIGHT BLUE / GREY & BLUE,ohne-bomber-jacket-midnight-blue-grey-blue,https://kikokostadinov.com/shop/men/ohne-bomber-jacket-midnight-blue-grey-blue,https://kikokostadinov.com/media/pages/shop/men/ohne-bomber-jacket-midnight-blue-grey-blue/3ce28f6219-1721120809/untitled-8ohbjmb-350x-q70.webp
KNOX TROUSER W ZIP - RAVEN BLACK,knox-trouser-w-zip-raven-black,https://kikokostadinov.com/shop/men/knox-trouser-w-zip-raven-black,https://kikokostadinov.com/media/pages/shop/men/knox-trouser-w-zip-raven-black/5c14b0cbf3-1726572664/ktwzb-6ktwzb-350x-q70.webp
KNOX TROUSER W ZIP - DARK NAVY,knox-trouser-w-zip-dark-navy,https://kikokostadinov.com/shop/men/knox-trouser-w-zip-dark-navy,https://kikokostadinov.com/media/pages/shop/men/knox-trouser-w-zip-dark-navy/cec1327dfa-1726572521/ktrnv-8ktrnv-350x-q70.webp
Exclusive – ,margutta-bag-dusky-black-crow-black,https://kikokostadinov.com/shop/men/margutta-bag-dusky-black-crow-black,https://kikokostadinov.com/media/pages/shop/men/margutta-bag-dusky-black-crow-black/ac96e26b22-1721120550/untitled-2knmslslmm-350x-q70.webp
SCARPITTA KNIT - BEIGE & GREY MIX / GREY,scarpitta-knit-beige-grey-mix-grey,https://kikokostadinov.com/shop/men/scarpitta-knit-beige-grey-mix-grey,https://kikokostadinov.com/media/pages/shop/men/scarpitta-knit-beige-grey-mix-grey/bed361ed72-1721121102/untitled-6sptkntbg-350x-q70.webp
Exclusive – ,chalice-socks-nero,https://kikokostadinov.com/shop/men/chalice-socks-nero,https://kikokostadinov.com/media/pages/shop/men/chalice-socks-nero/c707c437ea-1722864301/tbn-2kksk-copy-350x-q70.webp
SCARPITTA KNIT - D RED MIX / BLACK,scarpitta-knit-d-red-mix-black,https://kikokostadinov.com/shop/men/scarpitta-knit-d-red-mix-black,https://kikokostadinov.com/media/pages/shop/men/scarpitta-knit-d-red-mix-black/205aa1c084-1726250489/skdrb-4skrdb-350x-q70.webp
KNOX MULTI ZIP BLAZER - ALGAE,knox-multi-zip-blazer-algae,https://kikokostadinov.com/shop/men/knox-multi-zip-blazer-algae,https://kikokostadinov.com/media/pages/shop/men/knox-multi-zip-blazer-algae/3ced395e4d-1726572263/jlpa-4jlpa-350x-q70.webp
SCARPITTA KNIT - GREY MIX / BLACK,scarpitta-knit-grey-mix-black,https://kikokostadinov.com/shop/men/scarpitta-knit-grey-mix-black,https://kikokostadinov.com/media/pages/shop/men/scarpitta-knit-grey-mix-black/5f4abd4745-1721121171/untitled-8scpkngm-350x-q70.webp
OHNE KEYCASE - MAHOGANY,ohne-keycase-mahogany,https://kikokostadinov.com/shop/men/ohne-keycase-mahogany,https://kikokostadinov.com/media/pages/shop/men/ohne-keycase-mahogany/1802c4be0e-1724888876/untitled-8maps-350x-q70.webp
OHNE KEYCASE - LEMON,ohne-keycase-lemon,https://kikokostadinov.com/shop/men/ohne-keycase-lemon,https://kikokostadinov.com/media/pages/shop/men/ohne-keycase-lemon/f5adb4176c-1724889055/untitled-2-9maps-350x-q70.webp
OHNE KEYCASE - GREY BLUE,ohne-keycase-grey-blue,https://kikokostadinov.com/shop/men/ohne-keycase-grey-blue,https://kikokostadinov.com/media/pages/shop/men/ohne-keycase-grey-blue/16dd195908-1724913980/untitled-2-2maps-350x-q70.webp
OHNE KEYCASE - GREY,ohne-keycase-grey,https://kikokostadinov.com/shop/men/ohne-keycase-grey,https://kikokostadinov.com/media/pages/shop/men/ohne-keycase-grey/609100e9d7-1724914048/untitled-10maps-350x-q70.webp
OHNE KEYCASE - BLACK,ohne-keycase-black,https://kikokostadinov.com/shop/men/ohne-keycase-black,https://kikokostadinov.com/media/pages/shop/men/ohne-keycase-black/a54a15d01f-1724914137/untitled-2-6maps-350x-q70.webp
OHNE K-DART TROUSER - CROW BLACK,ohne-k-dart-trouser-crow-black,https://kikokostadinov.com/shop/men/ohne-k-dart-trouser-crow-black,https://kikokostadinov.com/media/pages/shop/men/ohne-k-dart-trouser-crow-black/c948356629-1722864913/tbn-5chltrblk-copy-350x-q70.webp
OHNE K-DART TROUSER - IRON GREY,ohne-k-dart-trouser-iron-grey,https://kikokostadinov.com/shop/men/ohne-k-dart-trouser-iron-grey,https://kikokostadinov.com/media/pages/shop/men/ohne-k-dart-trouser-iron-grey/4e0a5c3003-1722865051/tbn-5kdrtgr-copy-350x-q70.webp
OHNE K-DART TROUSER - MAROON,ohne-k-dart-trouser-maroon,https://kikokostadinov.com/shop/men/ohne-k-dart-trouser-maroon,https://kikokostadinov.com/media/pages/shop/men/ohne-k-dart-trouser-maroon/67df6a010f-1722865162/tbn-19bgvst-copy-350x-q70.webp
OHNE WALLET - MAHOGANY,ohne-wallet-mahogany,https://kikokostadinov.com/shop/men/ohne-wallet-mahogany,https://kikokostadinov.com/media/pages/shop/men/ohne-wallet-mahogany/c9ce0dfd8b-1726579849/untitled-5maps-350x-q70.webp
DANA TROUSER - BRASS GREEN,dana-trouser-brass-green,https://kikokostadinov.com/shop/men/dana-trouser-brass-green,https://kikokostadinov.com/media/pages/shop/men/dana-trouser-brass-green/255d80705e-1726573000/dtbg-1dtbgptt-350x-q70.webp
OHNE K-DART TROUSER - BRASS GREEN,ohne-k-dart-trouser-brass-green,https://kikokostadinov.com/shop/men/ohne-k-dart-trouser-brass-green,https://kikokostadinov.com/media/pages/shop/men/ohne-k-dart-trouser-brass-green/7a14080908-1726250405/okdbg-4oos-350x-q70.webp
Levi's Faun Dual Jacket,levi-s-faun-dual-jacket,https://kikokostadinov.com/shop/men/levi-s-faun-dual-jacket,https://kikokostadinov.com/media/pages/shop/men/levi-s-faun-dual-jacket/97d652ab00-1726080177/untitled-7lvsmm-350x-q70.webp
Levi's Faun Twisted Jeans,levi-s-faun-twisted-jeans,https://kikokostadinov.com/shop/men/levi-s-faun-twisted-jeans,https://kikokostadinov.com/media/pages/shop/men/levi-s-faun-twisted-jeans/0c4aa39a45-1726080388/untitled-4lvsmm-350x-q70.webp
Levi's Asymmetrical Jersey Jacket – Grey,levis-asymmetrical-jersey-jacket-grey,https://kikokostadinov.com/shop/men/levis-asymmetrical-jersey-jacket-grey,https://kikokostadinov.com/media/pages/shop/men/levis-asymmetrical-jersey-jacket-grey/0f56dd0610-1726081331/untitled-5amncg-350x-q70.webp
Levi's Asymmetrical Jersey Jacket - Black,levis-asymmetrical-jersey-jacket-black,https://kikokostadinov.com/shop/men/levis-asymmetrical-jersey-jacket-black,https://kikokostadinov.com/media/pages/shop/men/levis-asymmetrical-jersey-jacket-black/514cd01261-1726081238/untitled-5amncb-350x-q70.webp
JACKLIGHT PARKA - ALGAE,jacklight-parka-algae,https://kikokostadinov.com/shop/men/jacklight-parka-algae,https://kikokostadinov.com/media/pages/shop/men/jacklight-parka-algae/49b541ee86-1722859372/tbn-5jklp-350x-q70.webp
CHALICE TROUSER W BAG - MAROON,chalice-trouser-w-bag-maroon,https://kikokostadinov.com/shop/men/chalice-trouser-w-bag-maroon,https://kikokostadinov.com/media/pages/shop/men/chalice-trouser-w-bag-maroon/f449afb6c0-1722860464/tbn-11chlburgtr-copy-350x-q70.webp
CHALICE TROUSER W BAG - BRASS GREEN,chalice-trouser-w-bag-brass-green,https://kikokostadinov.com/shop/men/chalice-trouser-w-bag-brass-green,https://kikokostadinov.com/media/pages/shop/men/chalice-trouser-w-bag-brass-green/045934f9fb-1722860021/tbn5chktrg-copy-350x-q70.webp
KNOX MESH LONG SLEEVE - JADE GREEN / EMERALD,knox-mesh-long-sleeve-jade-green-emerald,https://kikokostadinov.com/shop/men/knox-mesh-long-sleeve-jade-green-emerald,https://kikokostadinov.com/media/pages/shop/men/knox-mesh-long-sleeve-jade-green-emerald/646e897fe5-1721728065/untitled-17hdmslm-350x-q70.webp
KNOX MESH SHORT SLEEVE - ICY LILAC / BURGUNDY,knox-mesh-short-sleeve-icy-lilac-burgundy,https://kikokostadinov.com/shop/men/knox-mesh-short-sleeve-icy-lilac-burgundy,https://kikokostadinov.com/media/pages/shop/men/knox-mesh-short-sleeve-icy-lilac-burgundy/cba0c9248d-1721683995/untitled-4kxmlsill-350x-q70.webp
KNOX MESH SHORT SLEEVE - JADE GREEN / BLACK,knox-mesh-short-sleeve-jade-green-black,https://kikokostadinov.com/shop/men/knox-mesh-short-sleeve-jade-green-black,https://kikokostadinov.com/media/pages/shop/men/knox-mesh-short-sleeve-jade-green-black/2d411e83ea-1721728189/untitled-1shslblk-350x-q70.webp
KNOX MESH SHORT SLEEVE - LIME / NAVY,knox-mesh-short-sleeve-lime-navy,https://kikokostadinov.com/shop/men/knox-mesh-short-sleeve-lime-navy,https://kikokostadinov.com/media/pages/shop/men/knox-mesh-short-sleeve-lime-navy/8ceb1e2a95-1721684159/untitled-4knmslslmm-350x-q70.webp
OHNE K-DART HENLEY - JADE GREEN,ohne-k-dart-henley-jade-green,https://kikokostadinov.com/shop/men/ohne-k-dart-henley-jade-green,https://kikokostadinov.com/media/pages/shop/men/ohne-k-dart-henley-jade-green/d5363f0083-1721728449/untitled-7hnljd-350x-q70.webp
OHNE K-DART HENLEY - LILAC,ohne-k-dart-henley-lilac,https://kikokostadinov.com/shop/men/ohne-k-dart-henley-lilac,https://kikokostadinov.com/media/pages/shop/men/ohne-k-dart-henley-lilac/b309ccfa21-1721684427/untitled-9hnlllc-350x-q70.webp
OHNE K-DART HENLEY - LIME,ohne-k-dart-henley-lime,https://kikokostadinov.com/shop/men/ohne-k-dart-henley-lime,https://kikokostadinov.com/media/pages/shop/men/ohne-k-dart-henley-lime/43f472f2c8-1721684543/untitled-6kdhnll-350x-q70.webp
OHNE ZIP SHORT SLEEVE - LILAC / LIME,ohne-zip-short-sleeve-lilac-lime,https://kikokostadinov.com/shop/men/ohne-zip-short-sleeve-lilac-lime,https://kikokostadinov.com/media/pages/shop/men/ohne-zip-short-sleeve-lilac-lime/979d274f5c-1721683173/untitled-5zpsljd-350x-q70.webp
BENDIX TAILORED BLAZER - FLORAL JACQUARD / ICY LILAC,bendix-tailored-blazer-floral-jacquard-icy-lilac,https://kikokostadinov.com/shop/men/bendix-tailored-blazer-floral-jacquard-icy-lilac,https://kikokostadinov.com/media/pages/shop/men/bendix-tailored-blazer-floral-jacquard-icy-lilac/5688dfd024-1721081664/untitled-5bdxtbfl-350x-q70.webp
JACKLIGHT JACKET - BRASS GREEN,jacklight-jacket-brass-green,https://kikokostadinov.com/shop/men/jacklight-jacket-brass-green,https://kikokostadinov.com/media/pages/shop/men/jacklight-jacket-brass-green/34c6b12e63-1721118064/untitled-4jckljcbg-350x-q70.webp
MARGUTTA BELT - GREY BLUE,margutta-belt-grey-blue,https://kikokostadinov.com/shop/men/margutta-belt-grey-blue,https://kikokostadinov.com/media/pages/shop/men/margutta-belt-grey-blue/405dcbb39f-1726081708/bltsmc-1bltsmc-350x-q70.webp
MARGUTTA BELT - BLACK,margutta-belt-black,https://kikokostadinov.com/shop/men/margutta-belt-black,https://kikokostadinov.com/media/pages/shop/men/margutta-belt-black/fcbe6c7bbf-1726081997/bltsmc-4bltsmc-350x-q70.webp
JAROCKA SHOULDER BAG - GREY / DK. GRIS,jarocka-shoulder-bag-grey-dk-gris,https://kikokostadinov.com/shop/men/jarocka-shoulder-bag-grey-dk-gris,https://kikokostadinov.com/media/pages/shop/men/jarocka-shoulder-bag-grey-dk-gris/c9902f986c-1722859148/tbn-2lbgs12-350x-q70.webp
JAROCKA SHOULDER BAG - BLACK / MIDNIGHT,jarocka-shoulder-bag-black-midnight,https://kikokostadinov.com/shop/men/jarocka-shoulder-bag-black-midnight,https://kikokostadinov.com/media/pages/shop/men/jarocka-shoulder-bag-black-midnight/2d88865c98-1722963250/rbn-4lbgs12-350x-q70.webp
MARGUTTA BRACELET - GREY BLUE,margutta-bracelet-grey-blue,https://kikokostadinov.com/shop/men/margutta-bracelet-grey-blue,https://kikokostadinov.com/media/pages/shop/men/margutta-bracelet-grey-blue/014e5c758f-1726572081/mbmc-5mbmc-350x-q70.webp
MARGUTTA BRACELET - BLACK,margutta-bracelet-black,https://kikokostadinov.com/shop/men/margutta-bracelet-black,https://kikokostadinov.com/media/pages/shop/men/margutta-bracelet-black/012528e5b6-1726572021/mbmc-2mbmc-350x-q70.webp
MARGUTTA BRACELET - LEMON,margutta-bracelet-lemon,https://kikokostadinov.com/shop/men/margutta-bracelet-lemon,https://kikokostadinov.com/media/pages/shop/men/margutta-bracelet-lemon/fc422c8804-1726572149/mbmc-8mbmc-350x-q70.webp
OHNE KEYCASE - NIGHT BLACK,ohne-keycase-night-black,https://kikokostadinov.com/shop/men/ohne-keycase-night-black,https://kikokostadinov.com/media/pages/shop/men/ohne-keycase-night-black/69b0394a13-1724888615/untitled-2-4maps-350x-q70.webp
OHNE WALLET - GREY,ohne-wallet-grey,https://kikokostadinov.com/shop/men/ohne-wallet-grey,https://kikokostadinov.com/media/pages/shop/men/ohne-wallet-grey/123dd81d13-1726579022/untitled-4maps-350x-q70.webp
Exclusive – ,margutta-vest-dusky-black-crow-black,https://kikokostadinov.com/shop/men/margutta-vest-dusky-black-crow-black,https://kikokostadinov.com/media/pages/shop/men/margutta-vest-dusky-black-crow-black/98db8b7aa4-1722897071/tbn-5fzzvs-350x-q70.webp
Exclusive – ,margutta-bag-floral-jacquard-maroon,https://kikokostadinov.com/shop/men/margutta-bag-floral-jacquard-maroon,https://kikokostadinov.com/media/pages/shop/men/margutta-bag-floral-jacquard-maroon/014efa1b7a-1721120634/untitled-1mbdsk-350x-q70.webp
JACKLIGHT JACKET - CROW BLACK,jacklight-jacket-crow-black,https://kikokostadinov.com/shop/men/jacklight-jacket-crow-black,https://kikokostadinov.com/media/pages/shop/men/jacklight-jacket-crow-black/90909284ec-1721118298/untitled-6jkljkblk-350x-q70.webp
JACKLIGHT TROUSER - UMBER & GREY,jacklight-trouser-umber-grey,https://kikokostadinov.com/shop/men/jacklight-trouser-umber-grey,https://kikokostadinov.com/media/pages/shop/men/jacklight-trouser-umber-grey/05a250242c-1721118987/untitled-5jckltrum-350x-q70.webp
ESSICK STRIPE LONG SLEEVE - ASH BLUE / D GREY,essick-stripe-long-sleeve-ash-blue-d-grey,https://kikokostadinov.com/shop/men/essick-stripe-long-sleeve-ash-blue-d-grey,https://kikokostadinov.com/media/pages/shop/men/essick-stripe-long-sleeve-ash-blue-d-grey/bfb0cd0b6b-1721127337/untitled-7essslb-350x-q70.webp
ESSICK STRIPE SHORT SLEEVE - STEEL GREY / GREY,essick-stripe-short-sleeve-steel-grey-grey,https://kikokostadinov.com/shop/men/essick-stripe-short-sleeve-steel-grey-grey,https://kikokostadinov.com/media/pages/shop/men/essick-stripe-short-sleeve-steel-grey-grey/6b956ea914-1721082852/untitled-7esstslsg-350x-q70.webp
JAROCKA APRON - UMBER & GREY,jarocka-apron-umber-grey,https://kikokostadinov.com/shop/men/jarocka-apron-umber-grey,https://kikokostadinov.com/media/pages/shop/men/jarocka-apron-umber-grey/f855083ea6-1722963187/tbn-3jrkbrw-copy-350x-q70.webp
JAROCKA APRON - DUSKY BLACK / CROW BLACK,jarocka-apron-dusky-black-crow-black,https://kikokostadinov.com/shop/men/jarocka-apron-dusky-black-crow-black,https://kikokostadinov.com/media/pages/shop/men/jarocka-apron-dusky-black-crow-black/8b550c6272-1722963359/tbn-1grjkct-copy-350x-q70.webp
BENDIX TAILORED BLAZER - STONE & OLIVE / LIME,bendix-tailored-blazer-stone-olive-lime,https://kikokostadinov.com/shop/men/bendix-tailored-blazer-stone-olive-lime,https://kikokostadinov.com/media/pages/shop/men/bendix-tailored-blazer-stone-olive-lime/9c41698fb9-1721081912/untitled-6bdxtbst-350x-q70.webp
CHALICE JACKET W BAG - FLORAL JACQUARD,chalice-jacket-w-bag-floral-jacquard,https://kikokostadinov.com/shop/men/chalice-jacket-w-bag-floral-jacquard,https://kikokostadinov.com/media/pages/shop/men/chalice-jacket-w-bag-floral-jacquard/3597c3a6f0-1726573683/cjfj-4cjwbfj-350x-q70.webp
KNOX MULTI ZIP BLAZER - UMBER & JADE,knox-multi-zip-blazer-umber-jade,https://kikokostadinov.com/shop/men/knox-multi-zip-blazer-umber-jade,https://kikokostadinov.com/media/pages/shop/men/knox-multi-zip-blazer-umber-jade/bd8917e5c3-1726572365/kmzbuaj-6kmzbuaj-350x-q70.webp
JACKLIGHT PARKA - UMBER & GREY,jacklight-parka-umber-grey,https://kikokostadinov.com/shop/men/jacklight-parka-umber-grey,https://kikokostadinov.com/media/pages/shop/men/jacklight-parka-umber-grey/482df46315-1726572917/untitled-5jlpug-350x-q70.webp
CHALICE JACKET W BAG - RAVEN BLACK,chalice-jacket-w-bag-raven-black,https://kikokostadinov.com/shop/men/chalice-jacket-w-bag-raven-black,https://kikokostadinov.com/media/pages/shop/men/chalice-jacket-w-bag-raven-black/207970e6ab-1726571867/cjbl-6cjwbrb-350x-q70.webp
MARGUTTA OVERCOAT - MAROON / CROW BLACK,margutta-overcoat-maroon-crow-black,https://kikokostadinov.com/shop/men/margutta-overcoat-maroon-crow-black,https://kikokostadinov.com/media/pages/shop/men/margutta-overcoat-maroon-crow-black/f0085d84b7-1722832199/tbn-5mgctbrg-350x-q70.webp
KNOX MESH HOODIE - ICY LILAC / JADE GREEN / BLACK,knox-mesh-hoodie-icy-lilac-jade-green-black,https://kikokostadinov.com/shop/men/knox-mesh-hoodie-icy-lilac-jade-green-black,https://kikokostadinov.com/media/pages/shop/men/knox-mesh-hoodie-icy-lilac-jade-green-black/2258358ec2-1721683292/untitled-3knmshil-350x-q70.webp
KNOX MESH HOODIE - LIME / LILAC / EMERALD,knox-mesh-hoodie-lime-lilac-emerald,https://kikokostadinov.com/shop/men/knox-mesh-hoodie-lime-lilac-emerald,https://kikokostadinov.com/media/pages/shop/men/knox-mesh-hoodie-lime-lilac-emerald/8ef826bf81-1721683421/untitled-3knmshlm-350x-q70.webp
KNOX MESH LONG SLEEVE - ICY LILAC / NAVY,knox-mesh-long-sleeve-icy-lilac-navy,https://kikokostadinov.com/shop/men/knox-mesh-long-sleeve-icy-lilac-navy,https://kikokostadinov.com/media/pages/shop/men/knox-mesh-long-sleeve-icy-lilac-navy/fdb2d5d4e6-1721683688/untitled-4knmslsil-350x-q70.webp
KNOX MESH LONG SLEEVE - LILAC / BLACK,knox-mesh-long-sleeve-lilac-black,https://kikokostadinov.com/shop/men/knox-mesh-long-sleeve-lilac-black,https://kikokostadinov.com/media/pages/shop/men/knox-mesh-long-sleeve-lilac-black/6733741ab9-1721683918/untitled-3kxmlslb-350x-q70.webp
OHNE ZIP LONG SLEEVE - LILAC / JADE GREEN,ohne-zip-long-sleeve-lilac-jade-green,https://kikokostadinov.com/shop/men/ohne-zip-long-sleeve-lilac-jade-green,https://kikokostadinov.com/media/pages/shop/men/ohne-zip-long-sleeve-lilac-jade-green/1290d1044a-1721728627/untitled-5zpslllc-350x-q70.webp
OHNE ZIP LONG SLEEVE - LIME / ICY LILAC,ohne-zip-long-sleeve-lime-icy-lilac,https://kikokostadinov.com/shop/men/ohne-zip-long-sleeve-lime-icy-lilac,https://kikokostadinov.com/media/pages/shop/men/ohne-zip-long-sleeve-lime-icy-lilac/dd22eadd7f-1721682871/untitled-5ohzplslm-350x-q70.webp
CHALICE LACE UP - NAVY,chalice-lace-up-navy,https://kikokostadinov.com/shop/men/chalice-lace-up-navy,https://kikokostadinov.com/media/pages/shop/men/chalice-lace-up-navy/e40982d248-1722863977/untitled-product-shot-5blembs-350x-q70.webp
MURAD LEATHER JACKET - BLACK/STEEL GREY,murad-leather-jacket-black-steel-grey,https://kikokostadinov.com/shop/men/murad-leather-jacket-black-steel-grey,https://kikokostadinov.com/media/pages/shop/men/murad-leather-jacket-black-steel-grey/cf222bfd4a-1732858318/untitled-1ltjcktb-350x-q70.webp
TAJIMA CROPPED JACKET - CROW BLACK,tajima-cropped-jacket-crow-black,https://kikokostadinov.com/shop/men/tajima-cropped-jacket-crow-black,https://kikokostadinov.com/media/pages/shop/men/tajima-cropped-jacket-crow-black/e46a758998-1732858050/tjbsj-1tjblcktb-350x-q70.webp
BOURDAIN ZIP INTARSIA JUMPER - CHARCOAL,bourdain-zip-intarsia-jumper-charcoal,https://kikokostadinov.com/shop/men/bourdain-zip-intarsia-jumper-charcoal,https://kikokostadinov.com/media/pages/shop/men/bourdain-zip-intarsia-jumper-charcoal/552102999b-1732857714/cashgb-2cashgbtb-350x-q70.webp
BINDRA CARGO TROUSER - MILLSTONE GREY,bindra-cargo-trouser-millstone-grey,https://kikokostadinov.com/shop/men/bindra-cargo-trouser-millstone-grey,https://kikokostadinov.com/media/pages/shop/men/bindra-cargo-trouser-millstone-grey/651a9551fb-1732859018/bgrsht-2bgrshttb-350x-q70.webp
BINDRA CARGO TROUSER - CROW BLACK,bindra-cargo-trouser-crow-black,https://kikokostadinov.com/shop/men/bindra-cargo-trouser-crow-black,https://kikokostadinov.com/media/pages/shop/men/bindra-cargo-trouser-crow-black/1005ff2a88-1732859211/bcblk-1blcshttb-350x-q70.webp
BINDRA CARGO SHORTS - LICHEN GREEN,bindra-cargo-shorts-lichen-green,https://kikokostadinov.com/shop/men/bindra-cargo-shorts-lichen-green,https://kikokostadinov.com/media/pages/shop/men/bindra-cargo-shorts-lichen-green/7983bc0da5-1732858555/crdshrt-1crdshttb-350x-q70.webp
KIKO STOOL,kiko-stool,https://kikokostadinov.com/shop/men/kiko-stool,https://kikokostadinov.com/media/pages/shop/men/kiko-stool/7df4258358-1702046320/untitled-4e890-350x-q70.webp
NAEKO ARMCHAIR PARADISOTERRESTRE EDITION,naeko-armchair,https://kikokostadinov.com/shop/men/naeko-armchair,https://kikokostadinov.com/media/pages/shop/men/naeko-armchair/08070aec01-1696176381/naeko-armchair-kiko-kostadinov-paradisoterrestre-ph-mattia-tonelli-01-350x-q70.webp
NAEKO SOFA PARADISOTERRESTRE EDITION,naeko-sofa,https://kikokostadinov.com/shop/men/naeko-sofa,https://kikokostadinov.com/media/pages/shop/men/naeko-sofa/cb687217a6-1696176385/naeko-sofa-kiko-kostadinov-paradisoterrestre-ph-mattia-tonelli-02-350x-q70.webp
