DAWN PANELLED COAT - UMBER / GLOSSY BLACK,dawn-panelled-coat-umber-glossy-black,https://kikokostadinov.com/shop/women/dawn-panelled-coat-umber-glossy-black,https://kikokostadinov.com/media/pages/shop/women/dawn-panelled-coat-umber-glossy-black/522f7a1ded-1727136034/dpcu-7dpcu-350x-q70.webp
PETITE MEZULARI BAG - CHALK BOARD,petite-mezulari-bag-chalk-board,https://kikokostadinov.com/shop/women/petite-mezulari-bag-chalk-board,https://kikokostadinov.com/media/pages/shop/women/petite-mezulari-bag-chalk-board/5f71b9397d-1729811164/hsbg-7hsmbgg-350x-q70.webp
KUKRI DRAPED SKIRT - RAW UMBER / LILAC,kukri-draped-skirt-raw-umber-lilac,https://kikokostadinov.com/shop/women/kukri-draped-skirt-raw-umber-lilac,https://kikokostadinov.com/media/pages/shop/women/kukri-draped-skirt-raw-umber-lilac/80fd366702-1727136224/kdrsk-8kdrsk-350x-q70.webp
HAWKBILL TROUSER - MIST BLACK,hawkbill-trouser-mist-black,https://kikokostadinov.com/shop/women/hawkbill-trouser-mist-black,https://kikokostadinov.com/media/pages/shop/women/hawkbill-trouser-mist-black/66a275d9ae-1727134779/hwkbtr-5hbtmb-350x-q70.webp
KNOTTED RIDING BOOT - FADED BLACK / OIL BLACK+BLACK,knotted-riding-boot-faded-black-oil-black-black,https://kikokostadinov.com/shop/women/knotted-riding-boot-faded-black-oil-black-black,https://kikokostadinov.com/media/pages/shop/women/knotted-riding-boot-faded-black-oil-black-black/4de17fed7a-1728242413/bb-4bblck-350x-q70.webp
KNOTTED RIDING BOOT - RHUM / MUSTARD+BROWN,knotted-riding-boot-rhum-mustard-brown,https://kikokostadinov.com/shop/women/knotted-riding-boot-rhum-mustard-brown,https://kikokostadinov.com/media/pages/shop/women/knotted-riding-boot-rhum-mustard-brown/39f9730e17-1728242491/untitled-4bbgy-350x-q70.webp
KNOTTED RIDING BOOT - WOOD GREEN / AUBERGINE+BROWN,knotted-riding-boot-wood-green-aubergine-brown,https://kikokostadinov.com/shop/women/knotted-riding-boot-wood-green-aubergine-brown,https://kikokostadinov.com/media/pages/shop/women/knotted-riding-boot-wood-green-aubergine-brown/291be49b1a-1728242614/bg-5bbgr-350x-q70.webp
LARGE CHAIN TRIVIA MOONSTONE,large-chain-trivia-moonstone,https://kikokostadinov.com/shop/women/large-chain-trivia-moonstone,https://kikokostadinov.com/media/pages/shop/women/large-chain-trivia-moonstone/9169124fa9-1731335794/thumbn-350x-q70.webp
PENDLE DRESS - CARAMEL / HOT CORAL,pendle-dress-caramel-hot-coral,https://kikokostadinov.com/shop/women/pendle-dress-caramel-hot-coral,https://kikokostadinov.com/media/pages/shop/women/pendle-dress-caramel-hot-coral/6ef591c890-1727132363/pdchc-8pdchc-350x-q70.webp
PENDLE DRESS - EBONY BLACK / WALNUT BROWN,pendle-dress-caramel-ebony-black-walnut-brown,https://kikokostadinov.com/shop/women/pendle-dress-caramel-ebony-black-walnut-brown,https://kikokostadinov.com/media/pages/shop/women/pendle-dress-caramel-ebony-black-walnut-brown/f9a2a4d58e-1727132817/podeb-10podeb-350x-q70.webp
DUSK DRESS - MIST BLACK,dusk-dress-mist-black,https://kikokostadinov.com/shop/women/dusk-dress-mist-black,https://kikokostadinov.com/media/pages/shop/women/dusk-dress-mist-black/045c78e82b-1727134565/ddrs-5cjtom-350x-q70.webp
CARLA KNITTED HEADDRESS - JET BLACK,carla-knitted-headdress-jet-black,https://kikokostadinov.com/shop/women/carla-knitted-headdress-jet-black,https://kikokostadinov.com/media/pages/shop/women/carla-knitted-headdress-jet-black/f8e7b5a65c-1729812339/untitled-10hdpcc-350x-q70.webp
CARLA KNITTED HEADDRESS - JADE,carla-knitted-headdress-jade,https://kikokostadinov.com/shop/women/carla-knitted-headdress-jade,https://kikokostadinov.com/media/pages/shop/women/carla-knitted-headdress-jade/915596b5c7-1729812399/untitled-4hdpcc-350x-q70.webp
CHASSEUR JACKET - SABLE BLACK / UMBER,chasseur-jacket-sable-black-umber,https://kikokostadinov.com/shop/women/chasseur-jacket-sable-black-umber,https://kikokostadinov.com/media/pages/shop/women/chasseur-jacket-sable-black-umber/5b1cf6a3ce-1727135200/cjsb-6cjsb-350x-q70.webp
VENARI TROUSER - ROSE,venari-trouser-rose,https://kikokostadinov.com/shop/women/venari-trouser-rose,https://kikokostadinov.com/media/pages/shop/women/venari-trouser-rose/85277985d3-1727136889/vtrs-4vtrs-350x-q70.webp
UMBRA BAG - COFFEE QUARTZ,umbra-bag-coffee-quartz,https://kikokostadinov.com/shop/women/umbra-bag-coffee-quartz,https://kikokostadinov.com/media/pages/shop/women/umbra-bag-coffee-quartz/7ddac9b628-1729811477/btbg-9hbbggg-350x-q70.webp
UMBRA BAG - CHALK BOARD,umbra-bag-chalk-board,https://kikokostadinov.com/shop/women/umbra-bag-chalk-board,https://kikokostadinov.com/media/pages/shop/women/umbra-bag-chalk-board/e6a312c0d8-1729811566/htbg-3htbgg-350x-q70.webp
LELLA HYBRID - PITCH / NAVY / INK+MIDNIGHT,lella-hybrid-pitch-navy-ink-midnight,https://kikokostadinov.com/shop/women/lella-hybrid-pitch-navy-ink-midnight,https://kikokostadinov.com/media/pages/shop/women/lella-hybrid-pitch-navy-ink-midnight/10197c6b3b-1724971962/untitled-2wwftws-350x-q70.webp
LELLA HYBRID - HICKORY / SYRUP / CREAM+MOCHA,lella-hybrid-hickory-syrup-cream-mocha,https://kikokostadinov.com/shop/women/lella-hybrid-hickory-syrup-cream-mocha,https://kikokostadinov.com/media/pages/shop/women/lella-hybrid-hickory-syrup-cream-mocha/3dcabe90d3-1728242692/lb-6llbr-350x-q70.webp
SHIKARI JERSEY TOP - EBONY BLACK,shikari-jersey-top-ebony-black,https://kikokostadinov.com/shop/women/shikari-jersey-top-ebony-black,https://kikokostadinov.com/media/pages/shop/women/shikari-jersey-top-ebony-black/0374f60b81-1727136497/sjtb-1sjtb-350x-q70.webp
TRIVIA CHAIN POCHETTE - CHALK BOARD,trivia-chain-pochette-chalk-board,https://kikokostadinov.com/shop/women/trivia-chain-pochette-chalk-board,https://kikokostadinov.com/media/pages/shop/women/trivia-chain-pochette-chalk-board/0c5ac387cb-1729811932/untitled-1hpuchh-350x-q70.webp
SHIKARI TROUSER - HONEY,shikari-trouser-honey,https://kikokostadinov.com/shop/women/shikari-trouser-honey,https://kikokostadinov.com/media/pages/shop/women/shikari-trouser-honey/d6851cef72-1727136646/sth-6sth-350x-q70.webp
TRIVIA CHAIN BAG - CHALK BOARD,trivia-chain-bag-chalk-board,https://kikokostadinov.com/shop/women/trivia-chain-bag-chalk-board,https://kikokostadinov.com/media/pages/shop/women/trivia-chain-bag-chalk-board/f90f346df3-1729812137/untitled-6htrva-350x-q70.webp
LARGE TRIVIA BAG - ABYSS BLACK,large-trivia-bag-abyss-black,https://kikokostadinov.com/shop/women/large-trivia-bag-abyss-black,https://kikokostadinov.com/media/pages/shop/women/large-trivia-bag-abyss-black/3ce314a6ed-1729850087/kk24f-bg04-130-ab-os-01ltbab-350x-q70.webp
LELLA HYBRID IVORY PYTHON / FIRE RED,lella-hybrid-ivory-python-fire-red,https://kikokostadinov.com/shop/women/lella-hybrid-ivory-python-fire-red,https://kikokostadinov.com/media/pages/shop/women/lella-hybrid-ivory-python-fire-red/84fa15cdbf-1710245466/untitled-7lpnk-350x-q70.webp
LELLA HYBRID CHARCOAL PYTHON / CELESTE,lella-hybrid-charcoal-python-celeste,https://kikokostadinov.com/shop/women/lella-hybrid-charcoal-python-celeste,https://kikokostadinov.com/media/pages/shop/women/lella-hybrid-charcoal-python-celeste/53868f04cc-1710245301/untitled-7lblu-350x-q70.webp
TRIVIA POCHETTE - ABYSS BLACK,trivia-pochette-abyss-black,https://kikokostadinov.com/shop/women/trivia-pochette-abyss-black,https://kikokostadinov.com/media/pages/shop/women/trivia-pochette-abyss-black/c798e27351-1729651182/apsm-4apbs-2200x-q70-350x-q70.webp
Exclusive – ,paku-crossbody-bag-rose-navy,https://kikokostadinov.com/shop/women/paku-crossbody-bag-rose-navy,https://kikokostadinov.com/media/pages/shop/women/paku-crossbody-bag-rose-navy/f83b56c978-1727131749/untitled-5bbgr-350x-q70.webp
PENDLE PANELLED TOP - EBONY BLACK / FOGGY BLACK,pendle-panelled-top-ebony-black-foggy-black,https://kikokostadinov.com/shop/women/pendle-panelled-top-ebony-black-foggy-black,https://kikokostadinov.com/media/pages/shop/women/pendle-panelled-top-ebony-black-foggy-black/6f55399f7d-1727133749/untitled-15pptpeb-350x-q70.webp
PENDLE PANELLED TOP - CARAMEL / OCHRE,pendle-panelled-top-caramel-ochre,https://kikokostadinov.com/shop/women/pendle-panelled-top-caramel-ochre,https://kikokostadinov.com/media/pages/shop/women/pendle-panelled-top-caramel-ochre/7994e191fd-1727133405/untitled-8pptco-350x-q70.webp
Exclusive – ,paku-crossbody-bag-honey-army-green,https://kikokostadinov.com/shop/women/paku-crossbody-bag-honey-army-green,https://kikokostadinov.com/media/pages/shop/women/paku-crossbody-bag-honey-army-green/f989eeaa16-1727131900/bbgh-7bbgh-350x-q70.webp
CIRCE JERSEY DRESS - MATT BLACK,circe-jersey-dress-matt-black,https://kikokostadinov.com/shop/women/circe-jersey-dress-matt-black,https://kikokostadinov.com/media/pages/shop/women/circe-jersey-dress-matt-black/6f5608b896-1723683267/untitled-5crcjdrb-350x-q70.webp
CIRCE JERSEY TOP - MATT BLACK,circe-jersey-top-matt-black,https://kikokostadinov.com/shop/women/circe-jersey-top-matt-black,https://kikokostadinov.com/media/pages/shop/women/circe-jersey-top-matt-black/2b93c13ef8-1727134427/crcjtpb-9crcj-350x-q70.webp
CHASSEUR TROUSER - MATT BLACK / GRAPHITE GREY,chasseur-trouser-matt-black-graphite-grey,https://kikokostadinov.com/shop/women/chasseur-trouser-matt-black-graphite-grey,https://kikokostadinov.com/media/pages/shop/women/chasseur-trouser-matt-black-graphite-grey/1c3df1a64c-1727177741/ctmb-5ctmb4-350x-q70.webp
Levi's Faun Dual Jacket – Brown,levis-faun-dual-jacket-brown,https://kikokostadinov.com/shop/women/levis-faun-dual-jacket-brown,https://kikokostadinov.com/media/pages/shop/women/levis-faun-dual-jacket-brown/d2ea102293-1726084133/untitled-6dnmjcktwr-350x-q70.webp
Levi's Pandora Henley – Itten Multi Stripe,levis-pandora-henley-itten-multi-stripe,https://kikokostadinov.com/shop/women/levis-pandora-henley-itten-multi-stripe,https://kikokostadinov.com/media/pages/shop/women/levis-pandora-henley-itten-multi-stripe/5b6eb69b6f-1726084313/untitled-6dnmjtwmc-350x-q70.webp
Levi's Pandora Henley – Graphite Mono Stripe,levis-pandora-henley-graphite-mono-stripe,https://kikokostadinov.com/shop/women/levis-pandora-henley-graphite-mono-stripe,https://kikokostadinov.com/media/pages/shop/women/levis-pandora-henley-graphite-mono-stripe/b1f95cb598-1726084262/untitled-11dnmjtwg-350x-q70.webp
Levi's Faun Twisted Jeans – Brown,levis-faun-twisted-jeans-brown,https://kikokostadinov.com/shop/women/levis-faun-twisted-jeans-brown,https://kikokostadinov.com/media/pages/shop/women/levis-faun-twisted-jeans-brown/6b3e1ec4f9-1726084199/untitled-5dnmtrsrwr-350x-q70.webp
AMLEN POCHETTE - GALAXY BLACK,amlen-pochette-galaxy-black,https://kikokostadinov.com/shop/women/amlen-pochette-galaxy-black,https://kikokostadinov.com/media/pages/shop/women/amlen-pochette-galaxy-black/e13ed0680f-1726083594/appbg-3appbg-350x-q70.webp
LELLA HYBRID - CLOUD / FLINT / FOSSIL+SMOKE,lella-hybrid-cloud-flint-fossil-smoke,https://kikokostadinov.com/shop/women/lella-hybrid-cloud-flint-fossil-smoke,https://kikokostadinov.com/media/pages/shop/women/lella-hybrid-cloud-flint-fossil-smoke/aa83380cb5-1724971804/untitled-1wwftws-350x-q70.webp
SONIA SLIP-ON - RAVEN / ONYX+JET,sonia-slip-on-raven-onyx-jet,https://kikokostadinov.com/shop/women/sonia-slip-on-raven-onyx-jet,https://kikokostadinov.com/media/pages/shop/women/sonia-slip-on-raven-onyx-jet/dd92040849-1724971565/untitled-5wwftws-350x-q70.webp
SONIA SLIP-ON - PLUM / BERRY+PURPLE,sonia-slip-on-plum-berry-purple,https://kikokostadinov.com/shop/women/sonia-slip-on-plum-berry-purple,https://kikokostadinov.com/media/pages/shop/women/sonia-slip-on-plum-berry-purple/4fdce72b7c-1724971405/untitled-6wwftws-350x-q70.webp
SONIA HIGH BOOT - SABLE / MIDNIGHT+BLACK,sonia-high-boot-sable-midnight-black,https://kikokostadinov.com/shop/women/sonia-high-boot-sable-midnight-black,https://kikokostadinov.com/media/pages/shop/women/sonia-high-boot-sable-midnight-black/44ace00ed0-1724970956/untitled-12wwftws-350x-q70.webp
SONIA HIGH BOOT - OIL BLACK / ANTHRACITE+BLACK,sonia-high-boot-oil-black-anthracite-black,https://kikokostadinov.com/shop/women/sonia-high-boot-oil-black-anthracite-black,https://kikokostadinov.com/media/pages/shop/women/sonia-high-boot-oil-black-anthracite-black/3a4c10157b-1724970649/untitled-13wwftws-350x-q70.webp
SONIA HIGH BOOT - FOG GREY / OYSTER GREY+YELLOW,sonia-high-boot-fog-grey-oyster-grey-yellow,https://kikokostadinov.com/shop/women/sonia-high-boot-fog-grey-oyster-grey-yellow,https://kikokostadinov.com/media/pages/shop/women/sonia-high-boot-fog-grey-oyster-grey-yellow/2a6db94194-1724915070/untitled-14wwftws-350x-q70.webp
SONIA HIGH BOOT - CHOCOLATE / CHESTNUT+RED,sonia-high-boot-chocolate-chestnut-red,https://kikokostadinov.com/shop/women/sonia-high-boot-chocolate-chestnut-red,https://kikokostadinov.com/media/pages/shop/women/sonia-high-boot-chocolate-chestnut-red/d611af494a-1724914948/untitled-11wwftws-350x-q70.webp
TRIVIA GALAXY BLACK,trivia-galaxy-black,https://kikokostadinov.com/shop/women/trivia-galaxy-black,https://kikokostadinov.com/media/pages/shop/women/trivia-galaxy-black/a78967b4c6-1696176921/untitled-5tbbgg-350x-q70.webp
TRIVIA BAG ABYSS BLACK,trivia-bag-abyss-black,https://kikokostadinov.com/shop/women/trivia-bag-abyss-black,https://kikokostadinov.com/media/pages/shop/women/trivia-bag-abyss-black/f2e6894789-1713446688/untitled-1wwtbss-350x-q70.webp
FORTUNATI KNIT TOP - ABYSS BLACK / METEORITE BLACK,fortunati-knit-top-abyss-black-meteorite-black,https://kikokostadinov.com/shop/women/fortunati-knit-top-abyss-black-meteorite-black,https://kikokostadinov.com/media/pages/shop/women/fortunati-knit-top-abyss-black-meteorite-black/4ee3767519-1723683062/untitled-5frtktab-350x-q70.webp
FORTUNATI KNIT TOP - PACIFIC BLUE / FOREST GREEN,fortunati-knit-top-pacific-blue-forest-green,https://kikokostadinov.com/shop/women/fortunati-knit-top-pacific-blue-forest-green,https://kikokostadinov.com/media/pages/shop/women/fortunati-knit-top-pacific-blue-forest-green/f3e34f7aff-1723683142/untitled-4frtktbfg-350x-q70.webp
CIRCE JERSEY TOP - ORCHID MIST / ROYAL BLUE,circe-jersey-top-orchid-mist-royal-blue,https://kikokostadinov.com/shop/women/circe-jersey-top-orchid-mist-royal-blue,https://kikokostadinov.com/media/pages/shop/women/circe-jersey-top-orchid-mist-royal-blue/fe59d99acf-1727134337/cjtom-10cjtom-350x-q70.webp
ZABRISKIE KNIT DRESS - STARLIGHT BLACK,zabriskie-knit-dress-starlight-black,https://kikokostadinov.com/shop/women/zabriskie-knit-dress-starlight-black,https://kikokostadinov.com/media/pages/shop/women/zabriskie-knit-dress-starlight-black/5bc5859c2b-1723684753/untitled-9zkntdrsb-350x-q70.webp
ZABRISKIE LS KNIT TOP - STARLIGHT BLACK,zabriskie-ls-knit-top-starlight-black,https://kikokostadinov.com/shop/women/zabriskie-ls-knit-top-starlight-black,https://kikokostadinov.com/media/pages/shop/women/zabriskie-ls-knit-top-starlight-black/a79ad163f0-1723684914/untitled-5zlsktss-350x-q70.webp
ZABRISKIE SLEEVELESS TOP - STARLIGHT BLACK,zabriskie-sleeveless-top-starlight-black,https://kikokostadinov.com/shop/women/zabriskie-sleeveless-top-starlight-black,https://kikokostadinov.com/media/pages/shop/women/zabriskie-sleeveless-top-starlight-black/f0d89a2f83-1723685053/untitled-4zslvssktss-350x-q70.webp
ZABRISKIE SLEEVELESS TOP - OCEAN BLUE / LILAC,zabriskie-sleeveless-top-ocean-blue-lilac,https://kikokostadinov.com/shop/women/zabriskie-sleeveless-top-ocean-blue-lilac,https://kikokostadinov.com/media/pages/shop/women/zabriskie-sleeveless-top-ocean-blue-lilac/a97aa5aa3b-1723685187/untitled-7zslvstob-350x-q70.webp
TRIVIA BAG MARLBORO RED,trivia-bag-marlboro-red,https://kikokostadinov.com/shop/women/trivia-bag-marlboro-red,https://kikokostadinov.com/media/pages/shop/women/trivia-bag-marlboro-red/e9ed3d7703-1710247756/untitled-3trdd-350x-q70.webp
TRIVIA BAG MAHOGANY BROWN,trivia-bag-mahogany-brown,https://kikokostadinov.com/shop/women/trivia-bag-mahogany-brown,https://kikokostadinov.com/media/pages/shop/women/trivia-bag-mahogany-brown/2f30171c2c-1710247858/untitled-7tbrwn-350x-q70.webp
TRIVIA LAVENDER,trivia-lavender,https://kikokostadinov.com/shop/women/trivia-lavender,https://kikokostadinov.com/media/pages/shop/women/trivia-lavender/3ffc8fc0b1-1709039788/untitled-9tbbgg-350x-q70.webp
RIBBON MID BOOT - OLIVE/TAUPE/SILVER,ribbon-mid-boot-olive-taupe-silver,https://kikokostadinov.com/shop/women/ribbon-mid-boot-olive-taupe-silver,https://kikokostadinov.com/media/pages/shop/women/ribbon-mid-boot-olive-taupe-silver/346e13ee21-1716286240/thub-350x-q70.webp
SONIA SLIP ON BROGUE - ONYX BLACK / PITCH BLACK,sonia-slip-on-brogue-onyx-black-pitch-black,https://kikokostadinov.com/shop/women/sonia-slip-on-brogue-onyx-black-pitch-black,https://kikokostadinov.com/media/pages/shop/women/sonia-slip-on-brogue-onyx-black-pitch-black/5f5e14175c-1712137274/untitled-2wwbbg-350x-q70.webp
AMLEN POCHETTE FIRE RED,amlen-pochette-fire-red,https://kikokostadinov.com/shop/women/amlen-pochette-fire-red,https://kikokostadinov.com/media/pages/shop/women/amlen-pochette-fire-red/09f92b246c-1712331731/untitled-3wwlbp-350x-q70.webp
AIRLIE WRAP TOP NAVY/GREY/PINK/GREEN,airlie-wrap-top-navy-grey-pink-green,https://kikokostadinov.com/shop/women/airlie-wrap-top-navy-grey-pink-green,https://kikokostadinov.com/media/pages/shop/women/airlie-wrap-top-navy-grey-pink-green/73a6cbba62-1702046681/untitled-13e885-350x-q70.webp
OPTIC CIRCULAR KNIT ZINNIA,optic-circular-knit-zinnia,https://kikokostadinov.com/shop/women/optic-circular-knit-zinnia,https://kikokostadinov.com/media/pages/shop/women/optic-circular-knit-zinnia/0c270b4473-1702048882/untitled-4e884-350x-q70.webp
AIRLIE WRAP TOP BROWN/GOLD/BLUE/RED,airlie-wrap-top-brown-gold-blue-red,https://kikokostadinov.com/shop/women/airlie-wrap-top-brown-gold-blue-red,https://kikokostadinov.com/media/pages/shop/women/airlie-wrap-top-brown-gold-blue-red/1c89035289-1702046484/untitled-7e887-350x-q70.webp
MINI POLYGON EAR CUFF PALLADIUM,mini-polygon-ear-cuff-palladium,https://kikokostadinov.com/shop/women/mini-polygon-ear-cuff-palladium,https://kikokostadinov.com/media/pages/shop/women/mini-polygon-ear-cuff-palladium/bba5dff476-1696176868/untitled-1ecff-350x-q70.webp
POLYGON EARRINGS PALLADIUM,polygon-earrings-palladium,https://kikokostadinov.com/shop/women/polygon-earrings-palladium,https://kikokostadinov.com/media/pages/shop/women/polygon-earrings-palladium/23bafb1904-1696176869/untitled-1plygnrrr-350x-q70.webp
À MON SEUL DÉSIR BOOK,a-mon-seul-desir-book,https://kikokostadinov.com/shop/women/a-mon-seul-desir-book,https://kikokostadinov.com/media/pages/shop/women/a-mon-seul-desir-book/ff2f939c27-1699627222/kiko-kostadinov-a-mon-seul-desir-book-featured-350x-q70.webp
PRETTY HURTS (PRETTY HURTS) BOOK,pretty-hurts-pretty-hurts-book,https://kikokostadinov.com/shop/women/pretty-hurts-pretty-hurts-book,https://kikokostadinov.com/media/pages/shop/women/pretty-hurts-pretty-hurts-book/5fd735fa9c-1696176959/pretty-hurts-book-thumb-350x-q70.webp
URSA BRACELET - SILVER / BLUE GRADIENT,ursa-bracelet-silver-blue-gradient,https://kikokostadinov.com/shop/women/ursa-bracelet-silver-blue-gradient,https://kikokostadinov.com/media/pages/shop/women/ursa-bracelet-silver-blue-gradient/034983a4e4-1712128340/untitled-7wwjwl-350x-q70.webp
RIBBON HIGH BOOT BLACK,ribbon-high-boot-black,https://kikokostadinov.com/shop/women/ribbon-high-boot-black,https://kikokostadinov.com/media/pages/shop/women/ribbon-high-boot-black/8d06b2c442-1731664631/ffffs1-350x-q70.webp
PETITE MEZULARI BAG - ONYX BLACK,petite-mezulari-bag-onyx-black,https://kikokostadinov.com/shop/women/petite-mezulari-bag-onyx-black,https://kikokostadinov.com/media/pages/shop/women/petite-mezulari-bag-onyx-black/3c1620139c-1729811256/blksmbg-4bapsbg-350x-q70.webp
PETITE MEZULARI BAG - COFFEE QUARTZ,petite-mezulari-bag-coffee-quartz,https://kikokostadinov.com/shop/women/petite-mezulari-bag-coffee-quartz,https://kikokostadinov.com/media/pages/shop/women/petite-mezulari-bag-coffee-quartz/1cfb37860b-1729811324/baysbg-7baysmb-350x-q70.webp
MEZULARI BAG - CHALK BOARD,mezulari-bag-chalk-board,https://kikokostadinov.com/shop/women/mezulari-bag-chalk-board,https://kikokostadinov.com/media/pages/shop/women/mezulari-bag-chalk-board/31dcbd65cd-1729810759/hbbgg-1hbbggg-350x-q70.webp
BOUNTY JACKET - BLACK,bounty-jacket-black,https://kikokostadinov.com/shop/women/bounty-jacket-black,https://kikokostadinov.com/media/pages/shop/women/bounty-jacket-black/5b9bf7ea35-1723684140/untitled1-4bjblck-350x-q70.webp
CHASSEUR JACKET - HONEY / OLIVE GREEN,chasseur-jacket-honey-olive-green,https://kikokostadinov.com/shop/women/chasseur-jacket-honey-olive-green,https://kikokostadinov.com/media/pages/shop/women/chasseur-jacket-honey-olive-green/364fd706d6-1727135000/cjh-4cjhn-350x-q70.webp
VENARI TROUSER - CROW BLACK,venari-trouser-crow-black,https://kikokostadinov.com/shop/women/venari-trouser-crow-black,https://kikokostadinov.com/media/pages/shop/women/venari-trouser-crow-black/f16e3f19fa-1727137224/vtrbl-3vtcb-350x-q70.webp
CIRCE JERSEY TOP - COFFEE BEAN / INDIGO,circe-jersey-top-coffee-bean-indigo,https://kikokostadinov.com/shop/women/circe-jersey-top-coffee-bean-indigo,https://kikokostadinov.com/media/pages/shop/women/circe-jersey-top-coffee-bean-indigo/42f5254630-1723683519/untitled-11crctpbr-350x-q70.webp
CHACOBSA BLOUSE - SAPPHIRE BLUE,chacobsa-blouse-sapphire-blue,https://kikokostadinov.com/shop/women/chacobsa-blouse-sapphire-blue,https://kikokostadinov.com/media/pages/shop/women/chacobsa-blouse-sapphire-blue/9279c0dc26-1727134079/cbb-6cbb-350x-q70.webp
CHACOBSA BLOUSE - PITCH BLACK,chacobsa-blouse-pitch-black,https://kikokostadinov.com/shop/women/chacobsa-blouse-pitch-black,https://kikokostadinov.com/media/pages/shop/women/chacobsa-blouse-pitch-black/df6477ef50-1727133958/cbbl-5cbbl-350x-q70.webp
DENDRA CABLED PULLOVER KNIT - GARNET RED,dendra-cabled-pullover-knit-garnet-red,https://kikokostadinov.com/shop/women/dendra-cabled-pullover-knit-garnet-red,https://kikokostadinov.com/media/pages/shop/women/dendra-cabled-pullover-knit-garnet-red/d97ae32883-1723684267/untitled-4dcpkgr-350x-q70.webp
DENDRA CABLED PULLOVER KNIT - GOLD,dendra-cabled-pullover-knit-gold,https://kikokostadinov.com/shop/women/dendra-cabled-pullover-knit-gold,https://kikokostadinov.com/media/pages/shop/women/dendra-cabled-pullover-knit-gold/7988486b4e-1723684406/untitled-4dcpkgld-350x-q70.webp
PHANTOM KNIT TOP - RUBY RED / SANDSTONE,phantom-knit-top-ruby-red-sandstone,https://kikokostadinov.com/shop/women/phantom-knit-top-ruby-red-sandstone,https://kikokostadinov.com/media/pages/shop/women/phantom-knit-top-ruby-red-sandstone/d632b258bc-1723684591/untitled-4pktrr-350x-q70.webp
POTNIA SHIRT DRESS - COAL BLACK,potnia-shirt-dress-coal-black,https://kikokostadinov.com/shop/women/potnia-shirt-dress-coal-black,https://kikokostadinov.com/media/pages/shop/women/potnia-shirt-dress-coal-black/a802a10260-1727134919/cbbb-4cbbb-350x-q70.webp
AMLEN POCHETTE POWDER BLUE,amlen-pochette-powder-blue,https://kikokostadinov.com/shop/women/amlen-pochette-powder-blue,https://kikokostadinov.com/media/pages/shop/women/amlen-pochette-powder-blue/58847a6598-1712331780/untitled-2bp-350x-q70.webp
INTAGLIO LINE JACKET BLACK/CROW BLACK,intaglio-line-jacket-black-crow-black,https://kikokostadinov.com/shop/women/intaglio-line-jacket-black-crow-black,https://kikokostadinov.com/media/pages/shop/women/intaglio-line-jacket-black-crow-black/189f90a85b-1702046977/untitled-9e881-350x-q70.webp
THORN CHAIN NECKLACE - GOLD,thorn-chain-necklace-gold,https://kikokostadinov.com/shop/women/thorn-chain-necklace-gold,https://kikokostadinov.com/media/pages/shop/women/thorn-chain-necklace-gold/fc9fa38b31-1712125521/untitled-4wwgr-350x-q70.webp
THORN CHAIN NECKLACE - SILVER,thorn-chain-necklace-silver,https://kikokostadinov.com/shop/women/thorn-chain-necklace-silver,https://kikokostadinov.com/media/pages/shop/women/thorn-chain-necklace-silver/83a6bf744f-1712125632/untitled-3wwsnkl-350x-q70.webp
THORN RING (SET OF THREE) - GOLD,thorn-ring-set-of-three-gold,https://kikokostadinov.com/shop/women/thorn-ring-set-of-three-gold,https://kikokostadinov.com/media/pages/shop/women/thorn-ring-set-of-three-gold/2996540206-1712137807/untitled-4wwjwlrng-350x-q70.webp
ECCO.KOLLEKTIVE CENTAURI WEEKENDER BAG - BLACK/WHITECAP GREY,ecco-kollektive-centauri-weekender-bag-black-whitecap-grey,https://kikokostadinov.com/shop/women/ecco-kollektive-centauri-weekender-bag-black-whitecap-grey,https://kikokostadinov.com/media/pages/shop/women/ecco-kollektive-centauri-weekender-bag-black-whitecap-grey/c3d004b9bb-1723660340/9200092-91297-1ekbg-copy-350x-q70.webp
ECCO.KOLLEKTIVE CENTAURI SHOULDER BAG - POINCIANA/BLACK,ecco-kollektive-centauri-shoulder-bag-poinciana-black,https://kikokostadinov.com/shop/women/ecco-kollektive-centauri-shoulder-bag-poinciana-black,https://kikokostadinov.com/media/pages/shop/women/ecco-kollektive-centauri-shoulder-bag-poinciana-black/8897891b18-1723660219/9200078-91398-3ekbg-copy-350x-q70.webp
ECCO.KOLLEKTIVE CENTAURI SHOULDER BAG - BLACK/WHITECAP GREY,ecco-kollektive-centauri-shoulder-bag-black-whitecap-grey,https://kikokostadinov.com/shop/women/ecco-kollektive-centauri-shoulder-bag-black-whitecap-grey,https://kikokostadinov.com/media/pages/shop/women/ecco-kollektive-centauri-shoulder-bag-black-whitecap-grey/d7546b5a33-1723660107/9200078-91297-3ekbg-copy-350x-q70.webp
ECCO.KOLLEKTIVE CENTAURI COIN PURSE - BLACK/WHITECAP GREY,ecco-kollektive-centauri-coin-purse-black-whitecap-grey,https://kikokostadinov.com/shop/women/ecco-kollektive-centauri-coin-purse-black-whitecap-grey,https://kikokostadinov.com/media/pages/shop/women/ecco-kollektive-centauri-coin-purse-black-whitecap-grey/db436cfaf6-1723659990/9200075-91297-1ekbg-copy-350x-q70.webp
ECCO.KOLLEKTIVE CENTAURI COIN PURSE - POINCIANA/BLACK,ecco-kollektive-centauri-coin-purse-poinciana-black,https://kikokostadinov.com/shop/women/ecco-kollektive-centauri-coin-purse-poinciana-black,https://kikokostadinov.com/media/pages/shop/women/ecco-kollektive-centauri-coin-purse-poinciana-black/288b175154-1723659892/9200075-91398-1ekbg-copy-350x-q70.webp
ECCO.KOLLEKTIVE ARTEMIS MARY JANE SHOES - OPALINE GREEN,ecco-kollektive-artemis-mary-jane-shoes-opaline-green,https://kikokostadinov.com/shop/women/ecco-kollektive-artemis-mary-jane-shoes-opaline-green,https://kikokostadinov.com/media/pages/shop/women/ecco-kollektive-artemis-mary-jane-shoes-opaline-green/491b6bda3e-1723659705/390803-91366-1jms-copy-350x-q70.webp
ECCO.KOLLEKTIVE ARTEMIS MARY JANE SHOES - BLACK,ecco-kollektive-artemis-mary-jane-shoes-black,https://kikokostadinov.com/shop/women/ecco-kollektive-artemis-mary-jane-shoes-black,https://kikokostadinov.com/media/pages/shop/women/ecco-kollektive-artemis-mary-jane-shoes-black/e1128c42e6-1723659798/390803-90000-1jms-copy-350x-q70.webp
ECCO.KOLLEKTIVE TERESHKOVA ZIP UP SHOES - LAVENDULA,ecco-kollektive-tereshkova-zip-up-shoes-lavendula,https://kikokostadinov.com/shop/women/ecco-kollektive-tereshkova-zip-up-shoes-lavendula,https://kikokostadinov.com/media/pages/shop/women/ecco-kollektive-tereshkova-zip-up-shoes-lavendula/cb509bdc81-1723659575/390813-91434-1jms-copy-350x-q70.webp
ECCO.KOLLEKTIVE TERESHKOVA ZIP UP SHOES - BLACK,ecco-kollektive-tereshkova-zip-up-shoes-black,https://kikokostadinov.com/shop/women/ecco-kollektive-tereshkova-zip-up-shoes-black,https://kikokostadinov.com/media/pages/shop/women/ecco-kollektive-tereshkova-zip-up-shoes-black/28661dcd99-1723662283/390813-91297-1nshs-350x-q70.webp
ECCO.KOLLEKTIVE JEMISON SLIP ON SHOES - BURGUNDY,ecco-kollektive-jemison-slip-on-shoes-burgundy,https://kikokostadinov.com/shop/women/ecco-kollektive-jemison-slip-on-shoes-burgundy,https://kikokostadinov.com/media/pages/shop/women/ecco-kollektive-jemison-slip-on-shoes-burgundy/76f014bfd9-1723659368/390783-91363-1jms-copy-350x-q70.webp
ECCO.KOLLEKTIVE JEMISON SLIP ON SHOES - POINCIANA,ecco-kollektive-jemison-slip-on-shoes-poinciana,https://kikokostadinov.com/shop/women/ecco-kollektive-jemison-slip-on-shoes-poinciana,https://kikokostadinov.com/media/pages/shop/women/ecco-kollektive-jemison-slip-on-shoes-poinciana/fda4504fa4-1723659271/390783-91361-1jms-copy-350x-q70.webp
ECCO.KOLLEKTIVE JEMISON SLIP ON SHOES - BLACK,ecco-kollektive-jemison-slip-on-shoes-black,https://kikokostadinov.com/shop/women/ecco-kollektive-jemison-slip-on-shoes-black,https://kikokostadinov.com/media/pages/shop/women/ecco-kollektive-jemison-slip-on-shoes-black/65381dbac5-1723659056/390783-90000-1jms-copy-350x-q70.webp
