AGATHON HOODED PULLOVER - SABLE BLACK,https://kikokostadinov.com/shop/men/agathon-hooded-pullover-sable-black,https://kikokostadinov.com/media/pages/shop/men/agathon-hooded-pullover-sable-black/ac8e5abd3e-1732857457/cpbbl-1cpbbltb-350x-q70.webp
AGATHON HOODED PULLOVER - JET BLACK,https://kikokostadinov.com/shop/men/agathon-hooded-pullover-jet-black,https://kikokostadinov.com/media/pages/shop/men/agathon-hooded-pullover-jet-black/092fd9dd88-1732857149/ctbprp-2ctbprptb-350x-q70.webp
BINDRA CARGO SHORTS - CROW BLACK,https://kikokostadinov.com/shop/men/bindra-cargo-shorts-crow-black,https://kikokostadinov.com/media/pages/shop/men/bindra-cargo-shorts-crow-black/1c4ff66348-1732858830/blcsht-1blshrttb-350x-q70.webp
BENDIX COAT - CHARCOAL,https://kikokostadinov.com/shop/men/bendix-coat-charcoal,https://kikokostadinov.com/media/pages/shop/men/bendix-coat-charcoal/0448136148-1721074857/untitled-5bdxcch-350x-q70.webp
SCARPITTA BOOTS - NERO,https://kikokostadinov.com/shop/men/scarpitta-boots-nero,https://kikokostadinov.com/media/pages/shop/men/scarpitta-boots-nero/fe31cfff0e-1731584035/fff1-350x-q70.webp
SCARPITTA BOOTS - GRAPE GREEN,https://kikokostadinov.com/shop/men/scarpitta-boots-grape-green,https://kikokostadinov.com/media/pages/shop/men/scarpitta-boots-grape-green/ba829589a7-1731584139/fff2-350x-q70.webp
SCARPITTA BOOTS - IRIS & GREY,https://kikokostadinov.com/shop/men/scarpitta-boots-iris-grey,https://kikokostadinov.com/media/pages/shop/men/scarpitta-boots-iris-grey/e84e79bb0d-1731584202/fff3-350x-q70.webp
BENDIX COAT - LIGHT TEAL,https://kikokostadinov.com/shop/men/bendix-coat-light-teal,https://kikokostadinov.com/media/pages/shop/men/bendix-coat-light-teal/afbc4d0208-1721081373/untitled-5bndxctlt-350x-q70.webp
CHALICE JACKET W BAG - MAROON,https://kikokostadinov.com/shop/men/chalice-jacket-w-bag-maroon,https://kikokostadinov.com/media/pages/shop/men/chalice-jacket-w-bag-maroon/975639efe7-1726571719/cjm-4cjm-350x-q70.webp
KNOX LACE UP - SILVER BLUE,https://kikokostadinov.com/shop/men/knox-lace-up-silver-blue,https://kikokostadinov.com/media/pages/shop/men/knox-lace-up-silver-blue/cd39a71d72-1721074227/untitled-7knxgr-350x-q70.webp
KNOX LACE UP - NERO,https://kikokostadinov.com/shop/men/knox-lace-up-nero,https://kikokostadinov.com/media/pages/shop/men/knox-lace-up-nero/147798a5a5-1721073374/untitled-5knxblk-350x-q70.webp
OHNE BOMBER JACKET - MAROON / BROWN & GREY,https://kikokostadinov.com/shop/men/ohne-bomber-jacket-maroon-brown-grey,https://kikokostadinov.com/media/pages/shop/men/ohne-bomber-jacket-maroon-brown-grey/b851ae6600-1721120714/untitled-5ohbjmr-350x-q70.webp
OHNE BOMBER JACKET - MIDNIGHT BLUE / GREY & BLUE,https://kikokostadinov.com/shop/men/ohne-bomber-jacket-midnight-blue-grey-blue,https://kikokostadinov.com/media/pages/shop/men/ohne-bomber-jacket-midnight-blue-grey-blue/c541d887ff-1721120809/untitled-8ohbjmb-350x-q70.webp
KNOX TROUSER W ZIP - RAVEN BLACK,https://kikokostadinov.com/shop/men/knox-trouser-w-zip-raven-black,https://kikokostadinov.com/media/pages/shop/men/knox-trouser-w-zip-raven-black/982bdb73e2-1726572664/ktwzb-6ktwzb-350x-q70.webp
KNOX TROUSER W ZIP - DARK NAVY,https://kikokostadinov.com/shop/men/knox-trouser-w-zip-dark-navy,https://kikokostadinov.com/media/pages/shop/men/knox-trouser-w-zip-dark-navy/3677dc8838-1726572521/ktrnv-8ktrnv-350x-q70.webp
Exclusive – ,https://kikokostadinov.com/shop/men/margutta-bag-dusky-black-crow-black,https://kikokostadinov.com/media/pages/shop/men/margutta-bag-dusky-black-crow-black/9794872cc4-1721120550/untitled-2knmslslmm-350x-q70.webp
SCARPITTA KNIT - BEIGE & GREY MIX / GREY,https://kikokostadinov.com/shop/men/scarpitta-knit-beige-grey-mix-grey,https://kikokostadinov.com/media/pages/shop/men/scarpitta-knit-beige-grey-mix-grey/7654f2ee9a-1721121102/untitled-6sptkntbg-350x-q70.webp
Exclusive – ,https://kikokostadinov.com/shop/men/chalice-socks-nero,https://kikokostadinov.com/media/pages/shop/men/chalice-socks-nero/dea1e1242e-1722864301/tbn-2kksk-copy-350x-q70.webp
SCARPITTA KNIT - D RED MIX / BLACK,https://kikokostadinov.com/shop/men/scarpitta-knit-d-red-mix-black,https://kikokostadinov.com/media/pages/shop/men/scarpitta-knit-d-red-mix-black/d645e1736c-1726250489/skdrb-4skrdb-350x-q70.webp
KNOX MULTI ZIP BLAZER - ALGAE,https://kikokostadinov.com/shop/men/knox-multi-zip-blazer-algae,https://kikokostadinov.com/media/pages/shop/men/knox-multi-zip-blazer-algae/9e3742b901-1726572263/jlpa-4jlpa-350x-q70.webp
SCARPITTA KNIT - GREY MIX / BLACK,https://kikokostadinov.com/shop/men/scarpitta-knit-grey-mix-black,https://kikokostadinov.com/media/pages/shop/men/scarpitta-knit-grey-mix-black/df3413410d-1721121171/untitled-8scpkngm-350x-q70.webp
OHNE KEYCASE - MAHOGANY,https://kikokostadinov.com/shop/men/ohne-keycase-mahogany,https://kikokostadinov.com/media/pages/shop/men/ohne-keycase-mahogany/55be15f233-1724888876/untitled-8maps-350x-q70.webp
OHNE KEYCASE - LEMON,https://kikokostadinov.com/shop/men/ohne-keycase-lemon,https://kikokostadinov.com/media/pages/shop/men/ohne-keycase-lemon/f64304404e-1724889055/untitled-2-9maps-350x-q70.webp
OHNE KEYCASE - GREY BLUE,https://kikokostadinov.com/shop/men/ohne-keycase-grey-blue,https://kikokostadinov.com/media/pages/shop/men/ohne-keycase-grey-blue/c7e7587748-1724913980/untitled-2-2maps-350x-q70.webp
OHNE KEYCASE - GREY,https://kikokostadinov.com/shop/men/ohne-keycase-grey,https://kikokostadinov.com/media/pages/shop/men/ohne-keycase-grey/c9f039b16e-1724914048/untitled-10maps-350x-q70.webp
OHNE KEYCASE - BLACK,https://kikokostadinov.com/shop/men/ohne-keycase-black,https://kikokostadinov.com/media/pages/shop/men/ohne-keycase-black/ff0a89a198-1724914137/untitled-2-6maps-350x-q70.webp
OHNE K-DART TROUSER - CROW BLACK,https://kikokostadinov.com/shop/men/ohne-k-dart-trouser-crow-black,https://kikokostadinov.com/media/pages/shop/men/ohne-k-dart-trouser-crow-black/fd20a33411-1722864913/tbn-5chltrblk-copy-350x-q70.webp
OHNE K-DART TROUSER - IRON GREY,https://kikokostadinov.com/shop/men/ohne-k-dart-trouser-iron-grey,https://kikokostadinov.com/media/pages/shop/men/ohne-k-dart-trouser-iron-grey/54b8848828-1722865051/tbn-5kdrtgr-copy-350x-q70.webp
OHNE K-DART TROUSER - MAROON,https://kikokostadinov.com/shop/men/ohne-k-dart-trouser-maroon,https://kikokostadinov.com/media/pages/shop/men/ohne-k-dart-trouser-maroon/89c290239f-1722865162/tbn-19bgvst-copy-350x-q70.webp
OHNE WALLET - MAHOGANY,https://kikokostadinov.com/shop/men/ohne-wallet-mahogany,https://kikokostadinov.com/media/pages/shop/men/ohne-wallet-mahogany/9ca631df20-1726579849/untitled-5maps-350x-q70.webp
DANA TROUSER - BRASS GREEN,https://kikokostadinov.com/shop/men/dana-trouser-brass-green,https://kikokostadinov.com/media/pages/shop/men/dana-trouser-brass-green/018274940e-1726573000/dtbg-1dtbgptt-350x-q70.webp
OHNE K-DART TROUSER - BRASS GREEN,https://kikokostadinov.com/shop/men/ohne-k-dart-trouser-brass-green,https://kikokostadinov.com/media/pages/shop/men/ohne-k-dart-trouser-brass-green/68f10d6ec7-1726250405/okdbg-4oos-350x-q70.webp
Levi's Faun Dual Jacket,https://kikokostadinov.com/shop/men/levi-s-faun-dual-jacket,https://kikokostadinov.com/media/pages/shop/men/levi-s-faun-dual-jacket/83ffd08f2c-1726080177/untitled-7lvsmm-350x-q70.webp
Levi's Faun Twisted Jeans,https://kikokostadinov.com/shop/men/levi-s-faun-twisted-jeans,https://kikokostadinov.com/media/pages/shop/men/levi-s-faun-twisted-jeans/442bca5695-1726080388/untitled-4lvsmm-350x-q70.webp
Levi's Asymmetrical Jersey Jacket – Grey,https://kikokostadinov.com/shop/men/levis-asymmetrical-jersey-jacket-grey,https://kikokostadinov.com/media/pages/shop/men/levis-asymmetrical-jersey-jacket-grey/fa24258b0a-1726081331/untitled-5amncg-350x-q70.webp
Levi's Asymmetrical Jersey Jacket - Black,https://kikokostadinov.com/shop/men/levis-asymmetrical-jersey-jacket-black,https://kikokostadinov.com/media/pages/shop/men/levis-asymmetrical-jersey-jacket-black/4aef52bcb7-1726081238/untitled-5amncb-350x-q70.webp
JACKLIGHT PARKA - ALGAE,https://kikokostadinov.com/shop/men/jacklight-parka-algae,https://kikokostadinov.com/media/pages/shop/men/jacklight-parka-algae/a8fe8483f6-1722859372/tbn-5jklp-350x-q70.webp
CHALICE TROUSER W BAG - MAROON,https://kikokostadinov.com/shop/men/chalice-trouser-w-bag-maroon,https://kikokostadinov.com/media/pages/shop/men/chalice-trouser-w-bag-maroon/e25a9f230e-1722860464/tbn-11chlburgtr-copy-350x-q70.webp
CHALICE TROUSER W BAG - BRASS GREEN,https://kikokostadinov.com/shop/men/chalice-trouser-w-bag-brass-green,https://kikokostadinov.com/media/pages/shop/men/chalice-trouser-w-bag-brass-green/084787a7ab-1722860021/tbn5chktrg-copy-350x-q70.webp
KNOX MESH LONG SLEEVE - JADE GREEN / EMERALD,https://kikokostadinov.com/shop/men/knox-mesh-long-sleeve-jade-green-emerald,https://kikokostadinov.com/media/pages/shop/men/knox-mesh-long-sleeve-jade-green-emerald/b7079195c7-1721728065/untitled-17hdmslm-350x-q70.webp
KNOX MESH SHORT SLEEVE - ICY LILAC / BURGUNDY,https://kikokostadinov.com/shop/men/knox-mesh-short-sleeve-icy-lilac-burgundy,https://kikokostadinov.com/media/pages/shop/men/knox-mesh-short-sleeve-icy-lilac-burgundy/f5f9cf73de-1721683995/untitled-4kxmlsill-350x-q70.webp
KNOX MESH SHORT SLEEVE - JADE GREEN / BLACK,https://kikokostadinov.com/shop/men/knox-mesh-short-sleeve-jade-green-black,https://kikokostadinov.com/media/pages/shop/men/knox-mesh-short-sleeve-jade-green-black/d802b53ea0-1721728189/untitled-1shslblk-350x-q70.webp
KNOX MESH SHORT SLEEVE - LIME / NAVY,https://kikokostadinov.com/shop/men/knox-mesh-short-sleeve-lime-navy,https://kikokostadinov.com/media/pages/shop/men/knox-mesh-short-sleeve-lime-navy/c3bef67ca3-1721684159/untitled-4knmslslmm-350x-q70.webp
OHNE K-DART HENLEY - JADE GREEN,https://kikokostadinov.com/shop/men/ohne-k-dart-henley-jade-green,https://kikokostadinov.com/media/pages/shop/men/ohne-k-dart-henley-jade-green/615681a19c-1721728449/untitled-7hnljd-350x-q70.webp
OHNE K-DART HENLEY - LILAC,https://kikokostadinov.com/shop/men/ohne-k-dart-henley-lilac,https://kikokostadinov.com/media/pages/shop/men/ohne-k-dart-henley-lilac/356be37147-1721684427/untitled-9hnlllc-350x-q70.webp
OHNE K-DART HENLEY - LIME,https://kikokostadinov.com/shop/men/ohne-k-dart-henley-lime,https://kikokostadinov.com/media/pages/shop/men/ohne-k-dart-henley-lime/2e4944f04e-1721684543/untitled-6kdhnll-350x-q70.webp
OHNE ZIP SHORT SLEEVE - LILAC / LIME,https://kikokostadinov.com/shop/men/ohne-zip-short-sleeve-lilac-lime,https://kikokostadinov.com/media/pages/shop/men/ohne-zip-short-sleeve-lilac-lime/935d606eaf-1721683173/untitled-5zpsljd-350x-q70.webp
BENDIX TAILORED BLAZER - FLORAL JACQUARD / ICY LILAC,https://kikokostadinov.com/shop/men/bendix-tailored-blazer-floral-jacquard-icy-lilac,https://kikokostadinov.com/media/pages/shop/men/bendix-tailored-blazer-floral-jacquard-icy-lilac/7e51cd6f9b-1721081664/untitled-5bdxtbfl-350x-q70.webp
JACKLIGHT JACKET - BRASS GREEN,https://kikokostadinov.com/shop/men/jacklight-jacket-brass-green,https://kikokostadinov.com/media/pages/shop/men/jacklight-jacket-brass-green/959d66570c-1721118064/untitled-4jckljcbg-350x-q70.webp
MARGUTTA BELT - GREY BLUE,https://kikokostadinov.com/shop/men/margutta-belt-grey-blue,https://kikokostadinov.com/media/pages/shop/men/margutta-belt-grey-blue/06b7ba9bce-1726081708/bltsmc-1bltsmc-350x-q70.webp
MARGUTTA BELT - BLACK,https://kikokostadinov.com/shop/men/margutta-belt-black,https://kikokostadinov.com/media/pages/shop/men/margutta-belt-black/2bcac6b899-1726081997/bltsmc-4bltsmc-350x-q70.webp
JAROCKA SHOULDER BAG - GREY / DK. GRIS,https://kikokostadinov.com/shop/men/jarocka-shoulder-bag-grey-dk-gris,https://kikokostadinov.com/media/pages/shop/men/jarocka-shoulder-bag-grey-dk-gris/bbb41e3d49-1722859148/tbn-2lbgs12-350x-q70.webp
JAROCKA SHOULDER BAG - BLACK / MIDNIGHT,https://kikokostadinov.com/shop/men/jarocka-shoulder-bag-black-midnight,https://kikokostadinov.com/media/pages/shop/men/jarocka-shoulder-bag-black-midnight/878381b69b-1722963250/rbn-4lbgs12-350x-q70.webp
MARGUTTA BRACELET - GREY BLUE,https://kikokostadinov.com/shop/men/margutta-bracelet-grey-blue,https://kikokostadinov.com/media/pages/shop/men/margutta-bracelet-grey-blue/c64959f2dc-1726572081/mbmc-5mbmc-350x-q70.webp
MARGUTTA BRACELET - BLACK,https://kikokostadinov.com/shop/men/margutta-bracelet-black,https://kikokostadinov.com/media/pages/shop/men/margutta-bracelet-black/3ccc85e6e5-1726572021/mbmc-2mbmc-350x-q70.webp
MARGUTTA BRACELET - LEMON,https://kikokostadinov.com/shop/men/margutta-bracelet-lemon,https://kikokostadinov.com/media/pages/shop/men/margutta-bracelet-lemon/8bdd6b6b69-1726572149/mbmc-8mbmc-350x-q70.webp
OHNE KEYCASE - NIGHT BLACK,https://kikokostadinov.com/shop/men/ohne-keycase-night-black,https://kikokostadinov.com/media/pages/shop/men/ohne-keycase-night-black/74d97f6956-1724888615/untitled-2-4maps-350x-q70.webp
OHNE WALLET - GREY,https://kikokostadinov.com/shop/men/ohne-wallet-grey,https://kikokostadinov.com/media/pages/shop/men/ohne-wallet-grey/125e4db3b9-1726579022/untitled-4maps-350x-q70.webp
Exclusive – ,https://kikokostadinov.com/shop/men/margutta-vest-dusky-black-crow-black,https://kikokostadinov.com/media/pages/shop/men/margutta-vest-dusky-black-crow-black/fb87d4049a-1722897071/tbn-5fzzvs-350x-q70.webp
Exclusive – ,https://kikokostadinov.com/shop/men/margutta-bag-floral-jacquard-maroon,https://kikokostadinov.com/media/pages/shop/men/margutta-bag-floral-jacquard-maroon/18530c5fef-1721120634/untitled-1mbdsk-350x-q70.webp
JACKLIGHT JACKET - CROW BLACK,https://kikokostadinov.com/shop/men/jacklight-jacket-crow-black,https://kikokostadinov.com/media/pages/shop/men/jacklight-jacket-crow-black/e605ee3e57-1721118298/untitled-6jkljkblk-350x-q70.webp
JACKLIGHT TROUSER - UMBER & GREY,https://kikokostadinov.com/shop/men/jacklight-trouser-umber-grey,https://kikokostadinov.com/media/pages/shop/men/jacklight-trouser-umber-grey/560068beba-1721118987/untitled-5jckltrum-350x-q70.webp
ESSICK STRIPE LONG SLEEVE - ASH BLUE / D GREY,https://kikokostadinov.com/shop/men/essick-stripe-long-sleeve-ash-blue-d-grey,https://kikokostadinov.com/media/pages/shop/men/essick-stripe-long-sleeve-ash-blue-d-grey/435fed36f5-1721127337/untitled-7essslb-350x-q70.webp
ESSICK STRIPE SHORT SLEEVE - STEEL GREY / GREY,https://kikokostadinov.com/shop/men/essick-stripe-short-sleeve-steel-grey-grey,https://kikokostadinov.com/media/pages/shop/men/essick-stripe-short-sleeve-steel-grey-grey/430504aeca-1721082852/untitled-7esstslsg-350x-q70.webp
JAROCKA APRON - UMBER & GREY,https://kikokostadinov.com/shop/men/jarocka-apron-umber-grey,https://kikokostadinov.com/media/pages/shop/men/jarocka-apron-umber-grey/1d9ae985f5-1722963187/tbn-3jrkbrw-copy-350x-q70.webp
JAROCKA APRON - DUSKY BLACK / CROW BLACK,https://kikokostadinov.com/shop/men/jarocka-apron-dusky-black-crow-black,https://kikokostadinov.com/media/pages/shop/men/jarocka-apron-dusky-black-crow-black/e32e498aa3-1722963359/tbn-1grjkct-copy-350x-q70.webp
BENDIX TAILORED BLAZER - STONE & OLIVE / LIME,https://kikokostadinov.com/shop/men/bendix-tailored-blazer-stone-olive-lime,https://kikokostadinov.com/media/pages/shop/men/bendix-tailored-blazer-stone-olive-lime/51c8b92e8d-1721081912/untitled-6bdxtbst-350x-q70.webp
CHALICE JACKET W BAG - FLORAL JACQUARD,https://kikokostadinov.com/shop/men/chalice-jacket-w-bag-floral-jacquard,https://kikokostadinov.com/media/pages/shop/men/chalice-jacket-w-bag-floral-jacquard/046504fc73-1726573683/cjfj-4cjwbfj-350x-q70.webp
KNOX MULTI ZIP BLAZER - UMBER & JADE,https://kikokostadinov.com/shop/men/knox-multi-zip-blazer-umber-jade,https://kikokostadinov.com/media/pages/shop/men/knox-multi-zip-blazer-umber-jade/5907bf11ea-1726572365/kmzbuaj-6kmzbuaj-350x-q70.webp
JACKLIGHT PARKA - UMBER & GREY,https://kikokostadinov.com/shop/men/jacklight-parka-umber-grey,https://kikokostadinov.com/media/pages/shop/men/jacklight-parka-umber-grey/10d3f22ddf-1726572917/untitled-5jlpug-350x-q70.webp
CHALICE JACKET W BAG - RAVEN BLACK,https://kikokostadinov.com/shop/men/chalice-jacket-w-bag-raven-black,https://kikokostadinov.com/media/pages/shop/men/chalice-jacket-w-bag-raven-black/89ba482380-1726571867/cjbl-6cjwbrb-350x-q70.webp
MARGUTTA OVERCOAT - MAROON / CROW BLACK,https://kikokostadinov.com/shop/men/margutta-overcoat-maroon-crow-black,https://kikokostadinov.com/media/pages/shop/men/margutta-overcoat-maroon-crow-black/83136d1aa5-1722832199/tbn-5mgctbrg-350x-q70.webp
KNOX MESH HOODIE - ICY LILAC / JADE GREEN / BLACK,https://kikokostadinov.com/shop/men/knox-mesh-hoodie-icy-lilac-jade-green-black,https://kikokostadinov.com/media/pages/shop/men/knox-mesh-hoodie-icy-lilac-jade-green-black/1d6bc5e306-1721683292/untitled-3knmshil-350x-q70.webp
KNOX MESH HOODIE - LIME / LILAC / EMERALD,https://kikokostadinov.com/shop/men/knox-mesh-hoodie-lime-lilac-emerald,https://kikokostadinov.com/media/pages/shop/men/knox-mesh-hoodie-lime-lilac-emerald/b0624f4959-1721683421/untitled-3knmshlm-350x-q70.webp
KNOX MESH LONG SLEEVE - ICY LILAC / NAVY,https://kikokostadinov.com/shop/men/knox-mesh-long-sleeve-icy-lilac-navy,https://kikokostadinov.com/media/pages/shop/men/knox-mesh-long-sleeve-icy-lilac-navy/895f2816dd-1721683688/untitled-4knmslsil-350x-q70.webp
KNOX MESH LONG SLEEVE - LILAC / BLACK,https://kikokostadinov.com/shop/men/knox-mesh-long-sleeve-lilac-black,https://kikokostadinov.com/media/pages/shop/men/knox-mesh-long-sleeve-lilac-black/118f08d0e9-1721683918/untitled-3kxmlslb-350x-q70.webp
OHNE ZIP LONG SLEEVE - LILAC / JADE GREEN,https://kikokostadinov.com/shop/men/ohne-zip-long-sleeve-lilac-jade-green,https://kikokostadinov.com/media/pages/shop/men/ohne-zip-long-sleeve-lilac-jade-green/6e5465d052-1721728627/untitled-5zpslllc-350x-q70.webp
OHNE ZIP LONG SLEEVE - LIME / ICY LILAC,https://kikokostadinov.com/shop/men/ohne-zip-long-sleeve-lime-icy-lilac,https://kikokostadinov.com/media/pages/shop/men/ohne-zip-long-sleeve-lime-icy-lilac/0738fe59a8-1721682871/untitled-5ohzplslm-350x-q70.webp
CHALICE LACE UP - NAVY,https://kikokostadinov.com/shop/men/chalice-lace-up-navy,https://kikokostadinov.com/media/pages/shop/men/chalice-lace-up-navy/5488bfb1e5-1722863977/untitled-product-shot-5blembs-350x-q70.webp
MURAD LEATHER JACKET - BLACK/STEEL GREY,https://kikokostadinov.com/shop/men/murad-leather-jacket-black-steel-grey,https://kikokostadinov.com/media/pages/shop/men/murad-leather-jacket-black-steel-grey/fe77f5a998-1732858318/untitled-1ltjcktb-350x-q70.webp
TAJIMA CROPPED JACKET - CROW BLACK,https://kikokostadinov.com/shop/men/tajima-cropped-jacket-crow-black,https://kikokostadinov.com/media/pages/shop/men/tajima-cropped-jacket-crow-black/463e0348a4-1732858050/tjbsj-1tjblcktb-350x-q70.webp
BOURDAIN ZIP INTARSIA JUMPER - CHARCOAL,https://kikokostadinov.com/shop/men/bourdain-zip-intarsia-jumper-charcoal,https://kikokostadinov.com/media/pages/shop/men/bourdain-zip-intarsia-jumper-charcoal/f8541ad894-1732857714/cashgb-2cashgbtb-350x-q70.webp
BINDRA CARGO TROUSER - MILLSTONE GREY,https://kikokostadinov.com/shop/men/bindra-cargo-trouser-millstone-grey,https://kikokostadinov.com/media/pages/shop/men/bindra-cargo-trouser-millstone-grey/f80339b8fa-1732859018/bgrsht-2bgrshttb-350x-q70.webp
BINDRA CARGO TROUSER - CROW BLACK,https://kikokostadinov.com/shop/men/bindra-cargo-trouser-crow-black,https://kikokostadinov.com/media/pages/shop/men/bindra-cargo-trouser-crow-black/e453cd21d6-1732859211/bcblk-1blcshttb-350x-q70.webp
BINDRA CARGO SHORTS - LICHEN GREEN,https://kikokostadinov.com/shop/men/bindra-cargo-shorts-lichen-green,https://kikokostadinov.com/media/pages/shop/men/bindra-cargo-shorts-lichen-green/dc238e5dbd-1732858555/crdshrt-1crdshttb-350x-q70.webp
KIKO STOOL,https://kikokostadinov.com/shop/men/kiko-stool,https://kikokostadinov.com/media/pages/shop/men/kiko-stool/1ceb0c4f26-1702046320/untitled-4e890-350x-q70.webp
NAEKO ARMCHAIR PARADISOTERRESTRE EDITION,https://kikokostadinov.com/shop/men/naeko-armchair,https://kikokostadinov.com/media/pages/shop/men/naeko-armchair/2ceee9f46d-1696176381/naeko-armchair-kiko-kostadinov-paradisoterrestre-ph-mattia-tonelli-01-350x-q70.webp
NAEKO SOFA PARADISOTERRESTRE EDITION,https://kikokostadinov.com/shop/men/naeko-sofa,https://kikokostadinov.com/media/pages/shop/men/naeko-sofa/1c467c85b5-1696176385/naeko-sofa-kiko-kostadinov-paradisoterrestre-ph-mattia-tonelli-02-350x-q70.webp
